"Date","RegionName","State","SizeRank","Zri","MoM","QoQ","YoY","ZriRecordCnt"
2018-11-30,"United States",,0,1449,0.00485436893203883,0.00625,0.00485436893203883,100025437
2018-11-30,"New York, NY","NY",1,2392,0.00588730025231287,0.00885702235343737,-0.0136082474226804,4976691
2018-11-30,"Los Angeles-Long Beach-Anaheim, CA","CA",2,2777,0.00761973875181422,0.00945110868774991,0.0146145414687614,2947863
2018-11-30,"Chicago, IL","IL",3,1654,0.00976800976800977,0.0110024449877751,-0.00541190619362598,3122353
2018-11-30,"Dallas-Fort Worth, TX","TX",4,1611,0.00876643706950532,0.0106649937264743,0.00373831775700935,1868272
2018-11-30,"Philadelphia, PA","PA",5,1581,0.00700636942675159,0.00957854406130268,-0.00566037735849057,2023021
2018-11-30,"Houston, TX","TX",6,1561,0.00644745325596389,0.00839793281653747,0.00839793281653747,1760409
2018-11-30,"Washington, DC","VA",7,2145,0.00421348314606742,0.00562587904360056,-0.00278940027894003,1882122
2018-11-30,"Miami-Fort Lauderdale, FL","FL",8,1874,0.00806885422270038,0.00969827586206897,0.00969827586206897,2390141
2018-11-30,"Atlanta, GA","GA",9,1411,0.0100214745884037,0.0121951219512195,0.0151079136690647,1830682
2018-11-30,"Boston, MA","MA",10,2377,0.00337695230054875,0.00464919695688926,-0.00751565762004175,1477909
2018-11-30,"San Francisco, CA","CA",11,3417,0.0041140170437849,0.00529567519858782,-0.000292568753657109,1232556
2018-11-30,"Detroit, MI","MI",12,1207,0.00835421888053467,0.0108877721943049,0.00667222685571309,1658038
2018-11-30,"Riverside, CA","CA",13,1925,0.0099685204616999,0.0136914165350184,0.0394168466522678,1188181
2018-11-30,"Phoenix, AZ","AZ",14,1383,0.0161645848640705,0.0176600441501104,0.0221729490022173,1458016
2018-11-30,"Seattle, WA","WA",15,2192,0.0087436723423838,0.00967296176877015,-0.0139451192082771,1155848
2018-11-30,"Minneapolis-St Paul, MN","MN",16,1659,0.010353227771011,0.0128205128205128,0.0159216166564605,1139037
2018-11-30,"San Diego, CA","CA",17,2573,0.0102080879466038,0.0125934671389217,0.0106048703849175,821350
2018-11-30,"St. Louis, MO","MO",18,1144,0.00262927256792287,0.00438981562774363,-0.00435161009573542,1036020
2018-11-30,"Tampa, FL","FL",19,1402,0.00718390804597701,0.00863309352517986,0.0286133528980191,1078610
2018-11-30,"Baltimore, MD","MD",20,1744,0.00172314761631246,0.00229885057471264,0.00114810562571757,980075
2018-11-30,"Denver, CO","CO",21,2075,0.00728155339805825,0.0102239532619279,0.01318359375,872912
2018-11-30,"Pittsburgh, PA","PA",22,1092,0.00367647058823529,0.00738007380073801,0.0215154349859682,861617
2018-11-30,"Portland, OR","OR",23,1846,0.00544662309368192,0.00654307524536532,-0.0243128964059197,714961
2018-11-30,"Charlotte, NC","NC",24,1308,0.00925925925925926,0.0116009280742459,0.0108191653786708,862460
2018-11-30,"Sacramento, CA","CA",25,1864,0.0092041147807255,0.011943539630836,0.0146978769733261,655658
2018-11-30,"San Antonio, TX","TX",26,1340,0.00600600600600601,0.0067618332081142,-0.00371747211895911,646500
2018-11-30,"Orlando, FL","FL",27,1472,0.0123796423658872,0.0158730158730159,0.0439716312056738,763907
2018-11-30,"Cincinnati, OH","OH",28,1288,0.00546448087431694,0.00861393891934221,0.00625,700033
2018-11-30,"Cleveland, OH","OH",29,1147,0.00437828371278459,0.00614035087719298,-0.00434027777777778,725642
2018-11-30,"Kansas City, MO","MO",30,1276,0.00710339384372534,0.00949367088607595,0,691031
2018-11-30,"Columbus, OH","OH",31,1343,0.00373692077727952,0.00523952095808383,0.0120572720422005,640857
2018-11-30,"Indianapolis, IN","IN",32,1209,0.00918196994991653,0.0117154811715481,-0.00575657894736842,708637
2018-11-30,"San Jose, CA","CA",33,3521,0.00427837992013691,0.00628751071734781,-0.000851305334846765,465891
2018-11-30,"Austin, TX","TX",34,1689,0.00237388724035608,0.00416171224732461,-0.00295159386068477,534092
2018-11-30,"Virginia Beach, VA","VA",35,1422,0.00708215297450425,0.00851063829787234,0.0106609808102345,561301
2018-11-30,"Nashville, TN","TN",36,1499,0.00401875418620228,0.00536552649228706,0,633494
2018-11-30,"Providence, RI","RI",37,1681,0.00478182904961148,0.00779376498800959,0.0200242718446602,498198
2018-11-30,"Milwaukee, WI","WI",38,1324,0.0076103500761035,0.00684410646387833,-0.0307467057101025,408331
2018-11-30,"Jacksonville, FL","FL",39,1357,0.0104244229337305,0.0126865671641791,0.0478764478764479,487779
2018-11-30,"Memphis, TN","TN",40,1104,0.00638103919781222,0.00914076782449726,0.0298507462686567,444984
2018-11-30,"Oklahoma City, OK","OK",41,1093,0.000915750915750916,0.00183318056828598,-0.00636363636363636,471736
2018-11-30,"Louisville-Jefferson County, KY","KY",42,1191,0.000840336134453782,0.00168208578637511,-0.00167644593461861,552603
2018-11-30,"Hartford, CT","CT",43,1583,0.0115015974440895,0.0127959053103007,-0.0161591050341827,397658
2018-11-30,"Richmond, VA","VA",44,1402,0.00646087580760948,0.00790797987059669,0.00863309352517986,452493
2018-11-30,"New Orleans, LA","LA",45,1376,0.00953778429933969,0.00879765395894428,-0.0213371266002845,395614
2018-11-30,"Buffalo, NY","NY",46,1211,0.00665004156275977,0.0100083402835696,0.00248344370860927,360925
2018-11-30,"Raleigh, NC","NC",47,1443,0.00208333333333333,0.00347705146036161,0.00627615062761506,411252
2018-11-30,"Birmingham, AL","AL",48,1066,0.0142721217887726,0.0181470869149952,-0.00280636108512629,410197
2018-11-30,"Salt Lake City, UT","UT",49,1595,0.00567465321563682,0.00694444444444444,0.00125549278091651,343836
2018-11-30,"Rochester, NY","NY",50,1374,0.0102941176470588,0.0132743362831858,-0.0330752990851513,328957
2018-11-30,"Grand Rapids, MI","MI",51,1349,0.00446760982874162,0.00521609538002981,0.00446760982874162,350503
2018-11-30,"Tucson, AZ","AZ",52,1210,0.00665557404326123,0.00917431192660551,0.0324232081911263,311098
2018-11-30,"Urban Honolulu, HI","HI",53,2364,0.00810234541577825,0.00982486117043998,-0.023543990086741,279675
2018-11-30,"Tulsa, OK","OK",54,1006,0.0100401606425703,0.013091641490433,-0.0363984674329502,341460
2018-11-30,"Fresno, CA","CA",55,1343,0.00298730395817774,0.00448765893792072,0.0354664610639938,224847
2018-11-30,"Worcester, MA","MA",56,1603,0.00690954773869347,0.00817610062893082,-0.00310945273631841,286730
2018-11-30,"Stamford, CT","CT",57,2286,0.00838112042346714,0.0115044247787611,-0.0247440273037543,295058
2018-11-30,"Albuquerque, NM","NM",58,1211,0.00748752079866889,0.0108514190317195,0.0125418060200669,297910
2018-11-30,"Albany, NY","NY",59,1545,-0.000646830530401035,0,0,261587
2018-11-30,"Omaha, NE","NE",60,1302,0.00540540540540541,0.00696055684454756,-0.0143830431491294,448148
2018-11-30,"New Haven, CT","CT",61,1618,0.00935745477230193,0.0125156445556946,0.00621890547263682,272404
2018-11-30,"Bakersfield, CA","CA",62,1280,0.00549882168106834,0.00628930817610063,0.00470957613814757,214334
2018-11-30,"Knoxville, TN","TN",63,1147,0.00349956255468067,0.00525854513584575,0.00525854513584575,345609
2018-11-30,"Greenville, SC","SC",64,1237,0,0.000809061488673139,0.00161943319838057,274202
2018-11-30,"Ventura, CA","CA",65,2766,0.0054525627044711,0.00728332119446468,0.0240651610514624,221161
2018-11-30,"Allentown, PA","PA",66,1451,0.00763888888888889,0.00833912439193885,-0.00548320767649075,277237
2018-11-30,"El Paso, TX","TX",67,981,0.00718685831622177,0.00925925925925926,-0.0160481444332999,211493
2018-11-30,"Baton Rouge, LA","LA",68,1330,-0.00449101796407186,-0.00672143390589993,-0.0417867435158501,251253
2018-11-30,"Dayton, OH","OH",69,965,0.0147213459516299,0.0168598524762908,-0.022289766970618,285552
2018-11-30,"McAllen, TX","TX",70,972,0.0167364016736402,0.0220820189274448,-0.0181818181818182,184077
2018-11-30,"Columbia, SC","SC",71,1116,0.0117860380779692,0.0154686078252957,-0.0176056338028169,274298
2018-11-30,"Akron, OH","OH",72,1097,0.00549954170485793,0.00734618916437098,-0.0334801762114537,246266
2018-11-30,"North Port-Sarasota-Bradenton, FL","FL",73,1799,-0.00111049416990561,0,0.041087962962963,350107
2018-11-30,"Little Rock, AR","AR",74,1001,0.00603015075376884,0.0080563947633434,-0.00497017892644135,244770
2018-11-30,"Stockton, CA","CA",75,1667,0.00907990314769976,0.0109157064887811,0.0127582017010936,174548
2018-11-30,"Charleston, SC","SC",76,1612,0.00813008130081301,0.0112923462986198,0.0037359900373599,246939
2018-11-30,"Syracuse, NY","NY",77,1299,0.0116822429906542,0.0124707716289945,-0.0545851528384279,198182
2018-11-30,"Colorado Springs, CO","CO",78,1541,0.00195058517555267,0.00325520833333333,0.0314591700133869,223351
2018-11-30,"Winston-Salem, NC","NC",79,1060,0.0202117420596728,0.0231660231660232,0.0143540669856459,242417
2018-11-30,"Wichita, KS","KS",80,944,0.00962566844919786,0.0117899249732047,-0.020746887966805,215159
2018-11-30,"Springfield, MA","MA",81,1607,0.0031210986267166,0.00500312695434647,0.0441845354126056,181651
2018-11-30,"Fort Myers, FL","FL",82,1619,0,-0.00123380629241209,0.0351662404092072,338953
2018-11-30,"Boise City, ID","ID",83,1285,0.0166139240506329,0.0206513105639396,0.0150078988941548,207356
2018-11-30,"Toledo, OH","OH",84,980,0.00409836065573771,0.00512820512820513,-0.0335305719921105,213729
2018-11-30,"Madison, WI","WI",85,1433,0.00490883590462833,0.00350140056022409,-0.00624133148404993,219403
2018-11-30,"Lakeland, FL","FL",86,1247,0.00564516129032258,0.00808407437348424,0.0229696472518458,190385
2018-11-30,"Ogden, UT","UT",87,1460,0.0131852879944483,0.0160055671537926,0.014593467685893,184518
2018-11-30,"Daytona Beach, FL","FL",88,1399,0.00502873563218391,0.00719942404607631,0.054257724189902,252335
2018-11-30,"Des Moines, IA","IA",89,1306,0.00538876058506544,0.00771604938271605,-0.00152905198776758,208907
2018-11-30,"Jackson, MS","MS",90,1233,-0.00403877221324717,-0.00403877221324717,0.0249376558603491,178812
2018-11-30,"Youngstown, OH","OH",91,798,0.00503778337531486,0.00884955752212389,-0.0303766707168894,209491
2018-11-30,"Augusta, GA","GA",92,942,-0.00317460317460317,-0.00317460317460317,0.00856531049250535,230458
2018-11-30,"Scranton, PA","PA",93,970,0,-0.0202020202020202,-0.079696394686907,203361
2018-11-30,"Harrisburg, PA","PA",94,1281,0.00707547169811321,0.00786782061369001,0.00945626477541371,183152
2018-11-30,"Melbourne, FL","FL",95,1414,0.0107219442458899,0.0136200716845878,0.0165348670021567,237609
2018-11-30,"Chattanooga, TN","TN",96,1197,0.00167364016736402,0.00251256281407035,0.00588235294117647,199883
2018-11-30,"Spokane, WA","WA",97,1313,0.0115562403697997,0.0146831530139104,0.00076219512195122,176621
2018-11-30,"Provo, UT","UT",98,1479,0.0068073519400953,0.0102459016393443,-0.0120240480961924,146682
2018-11-30,"Lancaster, PA","PA",99,1215,0.0125,0.0150375939849624,0.0192953020134228,150896
2018-11-30,"Modesto, CA","CA",100,1479,0.0214088397790055,0.0263705759888966,0.0270833333333333,131990
2018-11-30,"Durham, NC","NC",101,1401,0.00286327845382963,0.00502152080344333,0.00718907260963336,160359
2018-11-30,"Santa Rosa, CA","CA",102,2884,-0.00517419799931011,-0.00483091787439614,0.0821763602251407,144740
2018-11-30,"Lexington, KY","KY",103,1192,0.00168067226890756,0.00252312867956266,0.0275862068965517,168406
2018-11-30,"Lafayette, LA","LA",104,1151,0.000869565217391304,-0.00173460537727667,-0.031959629941127,135844
2018-11-30,"Lansing, MI","MI",105,1181,0.0128644939965695,0.0181034482758621,-0.0100586756077117,144290
2018-11-30,"Fayetteville, AR","AR",106,1145,0.00262697022767075,0.0043859649122807,-0.0271877655055225,149144
2018-11-30,"Pensacola, FL","FL",107,1182,0.00510204081632653,0.00767263427109974,0.0516014234875445,168632
2018-11-30,"Visalia, CA","CA",108,1203,0.0050125313283208,0.00753768844221105,0.0100755667506297,112416
2018-11-30,"Shreveport, LA","LA",109,1000,0.0101010101010101,0.0131712259371834,-0.0224828934506354,145881
2018-11-30,"Springfield, MO","MO",110,832,0.00970873786407767,0.0121654501216545,0.00240963855421687,125784
2018-11-30,"York, PA","PA",111,1261,0.0144810941271118,0.018578352180937,-0.00942655145326002,145942
2018-11-30,"Corpus Christi, TX","TX",112,1374,0.00218818380743982,0.00365230094959825,0.0185322461082283,141675
2018-11-30,"Reno, NV","NV",113,1712,0.00943396226415094,0.0124186871673566,0.0325693606755127,140142
2018-11-30,"Asheville, NC","NC",114,1406,0.00644237652111668,0.00860832137733142,0.0338235294117647,160762
2018-11-30,"Port St. Lucie, FL","FL",115,1567,0.00836550836550837,0.0116204002582311,0.0302432610124918,196539
2018-11-30,"Huntsville, AL","AL",116,1119,0.014505893019039,0.0191256830601093,0.0332409972299169,133685
2018-11-30,"Fort Wayne, IN","IN",117,1100,0,0.000909918107370337,-0.00271985494106981,142202
2018-11-30,"Salinas, CA","CA",118,2518,0.0128720836685438,0.0165522809850626,0.0285947712418301,88719
2018-11-30,"Vallejo, CA","CA",119,2156,0.00889096864763687,0.0107829348335677,0.0335570469798658,124549
2018-11-30,"Mobile, AL","AL",120,937,0.0107874865156419,0.0162689804772234,-0.0105596620908131,139685
2018-11-30,"Reading, PA","PA",121,1254,0.00803858520900321,0.00966183574879227,-0.0110410094637224,115339
2018-11-30,"Brownsville, TX","TX",122,929,-0.00959488272921109,-0.0117021276595745,-0.00535331905781585,129213
2018-11-30,"Killeen, TX","TX",123,1008,0.00900900900900901,0.0130653266331658,-0.0136986301369863,126516
2018-11-30,"Canton, OH","OH",124,944,0.00318809776833156,0.00425531914893617,-0.00421940928270042,143575
2018-11-30,"Beaumont, TX","TX",125,1201,0,0.00250417362270451,0.0300171526586621,131517
2018-11-30,"Manchester, NH","NH",126,1794,0.0135593220338983,0.0170068027210884,-0.00883977900552486,150612
2018-11-30,"Salem, OR","OR",127,1518,0.011325782811459,0.0147058823529412,-0.016202203499676,104443
2018-11-30,"Anchorage, AK","AK",128,1742,0.00172512938470385,0.00345622119815668,-0.0229949523275379,107983
2018-11-30,"Davenport, IL","IL",129,947,-0.00210748155953635,-0.00210748155953635,-0.0955109837631328,140991
2018-11-30,"Myrtle Beach, SC","SC",130,1270,0.0127591706539075,0.0168134507606085,-0.0109034267912773,245917
2018-11-30,"Montgomery, AL","AL",131,938,-0.00106496272630458,-0.00212765957446809,0.0075187969924812,147717
2018-11-30,"Salisbury, MD","DE",132,1319,-0.0052790346907994,-0.0156716417910448,0.0177469135802469,199725
2018-11-30,"Gulfport, MS","MS",133,1027,0.0108267716535433,0.0198609731876862,0.0363269424823411,121814
2018-11-30,"Tallahassee, FL","FL",134,1208,0.00582847626977519,0.00750625521267723,0.0159798149705635,103203
2018-11-30,"Trenton, NJ","NJ",135,1886,0.0026581605528974,0.000530503978779841,-0.0207684319833853,114799
2018-11-30,"Fayetteville, NC","NC",136,894,0.00111982082866741,0.00336700336700337,0.00449438202247191,67799
2018-11-30,"Hickory, NC","NC",137,972,0.0210084033613445,0.0253164556962025,0.0253164556962025,166256
2018-11-30,"Huntington, WV","WV",138,930,-0.00214592274678112,0.00431965442764579,0.0449438202247191,118204
2018-11-30,"Eugene, OR","OR",139,1416,0.00998573466476462,0.0128755364806867,-0.0028169014084507,94882
2018-11-30,"Rockford, IL","IL",140,1067,0.0220306513409962,0.026948989412897,-0.0343891402714932,114654
2018-11-30,"Savannah, GA","GA",141,1276,0.00630914826498423,0.00949367088607595,-0.000783085356303837,126596
2018-11-30,"Ann Arbor, MI","MI",142,1867,-0.00160427807486631,0,0.0471116096466629,113638
2018-11-30,"Ocala, FL","FL",143,1150,0.00612423447069116,0.00788781770376862,0.0186005314437555,121252
2018-11-30,"Kalamazoo, MI","MI",144,1220,0.0141313383208645,0.020066889632107,0.023489932885906,121129
2018-11-30,"South Bend, IN","IN",145,982,0.0165631469979296,0.0218522372528616,-0.0344149459193707,127526
2018-11-30,"Spartanburg, SC","SC",146,1096,0.00182815356489945,0.00274473924977127,-0.0231729055258467,103639
2018-11-30,"Evansville, IN","IN",147,995,0.00505050505050505,0.00505050505050505,0,115901
2018-11-30,"Kingsport, TN","TN",148,970,0.0178384050367261,0.0221285563751317,-0.031936127744511,113031
2018-11-30,"Roanoke, VA","VA",149,1156,0.00960698689956332,0.0122591943957968,0.0113735783027122,130144
2018-11-30,"Lincoln, NE","NE",150,1296,0.00232018561484919,0.00387296669248644,0.00154559505409583,93628
2018-11-30,"Fort Collins, CO","CO",151,1741,0.000574712643678161,0.00115008625646924,0.00577700751010976,116252
2018-11-30,"Columbus, GA","GA",152,899,0.00559284116331096,0.007847533632287,0.00446927374301676,91865
2018-11-30,"Boulder, CO","CO",153,2249,0.00626398210290828,0.00716524854455889,0.0246013667425968,106900
2018-11-30,"Lubbock, TX","TX",154,1144,0.00175131348511384,0.00350877192982456,-0.00780572419774501,87320
2018-11-30,"Erie, PA","PA",155,944,0.00318809776833156,0.00425531914893617,-0.0227743271221532,83063
2018-11-30,"Fort Smith, AR","AR",156,851,0,0.00235571260306243,-0.0229621125143513,78802
2018-11-30,"Duluth, MN","MN",157,1134,-0.0164787510841284,-0.0181818181818182,-0.0173310225303293,117316
2018-11-30,"Atlantic City, NJ","NJ",158,1447,0.00207756232686981,0.00207756232686981,-0.0391766268260292,112858
2018-11-30,"New London, CT","CT",159,1474,0.00340367597004765,0.00272108843537415,-0.0422352176738142,94250
2018-11-30,"San Luis Obispo, CA","CA",160,2447,0.00204750204750205,0.00286885245901639,-0.00850891410048622,87790
2018-11-30,"Gainesville, FL","FL",161,1306,0.0061633281972265,0.00927357032457496,0.0506838294448914,74469
2018-11-30,"Santa Cruz, CA","CA",162,3032,0.0106666666666667,0.0126920507682031,0.00165180046250413,64124
2018-11-30,"Clarksville, TN","TN",163,981,0.0102986611740474,0.0102986611740474,-0.0238805970149254,91943
2018-11-30,"Cedar Rapids, IA","IA",164,1111,-0.00714924039320822,-0.0124444444444444,0.00908265213442325,105931
2018-11-30,"Merced, CA","CA",165,1309,0.0131578947368421,0.016304347826087,0.0315208825847124,60843
2018-11-30,"Wilmington, NC","NC",166,1352,0.0127340823970037,0.0127340823970037,-0.00294985250737463,116808
2018-11-30,"Kennewick, WA","WA",167,1449,0.00625,0.00764951321279555,-0.00343878954607978,76865
2018-11-30,"Greeley, CO","CO",168,1668,0.0102967898243489,0.0139817629179331,0.0340979541227526,92809
2018-11-30,"Waco, TX","TX",169,1171,0.0121002592912705,0.0164930555555556,0.022707423580786,74568
2018-11-30,"Lynchburg, VA","VA",170,1117,0.0126926563916591,0.017304189435337,0,82901
2018-11-30,"Olympia, WA","WA",171,1663,0.0103280680437424,0.0140243902439024,0.0316377171215881,91697
2018-11-30,"Amarillo, TX","TX",172,1187,-0.00168208578637511,-0.00252100840336134,-0.00252100840336134,79553
2018-11-30,"Binghamton, NY","NY",173,1200,-0.00497512437810945,-0.00826446280991736,0.0247651579846285,73137
2018-11-30,"Hagerstown, WV","MD",174,1199,0.00418760469011725,0.00587248322147651,0,89285
2018-11-30,"Bremerton, WA","WA",175,1752,0.00805523590333717,0.0127167630057803,0.019790454016298,85563
2018-11-30,"Laredo, TX","TX",176,1118,0.013599274705349,0.0172884440400364,-0.0192982456140351,57225
2018-11-30,"Yakima, WA","WA",177,1151,0.003487358326068,0.003487358326068,-0.0103181427343078,66370
2018-11-30,"Crestview-Fort Walton Beach-Destin, FL","FL",178,1480,0.0109289617486339,0.0143934201507882,-0.0126751167444963,126955
2018-11-30,"Topeka, KS","KS",179,929,0.0208791208791209,0.0276548672566372,-0.0332986472424558,80278
2018-11-30,"Macon-Bibb County, GA","GA",180,992,0.00303336703741153,0.00303336703741153,-0.00998003992015968,61799
2018-11-30,"Champaign-Urbana, IL","IL",181,1135,0.000881834215167548,0.00353669319186561,0.00353669319186561,72344
2018-11-30,"Tuscaloosa, AL","AL",182,1238,-0.000807102502017756,-0.000807102502017756,0.0663221360895779,102096
2018-11-30,"College Station, TX","TX",183,1391,-0.00429491768074445,-0.0050071530758226,0.0138483965014577,56965
2018-11-30,"Sioux Falls, SD","SD",184,1179,0.0051150895140665,0.0051150895140665,-0.0256198347107438,62163
2018-11-30,"Charleston, WV","WV",185,871,-0.015819209039548,-0.0202474690663667,0.0319905213270142,111470
2018-11-30,"Chico, CA","CA",186,1460,0.00343642611683849,0.00550964187327824,0.061046511627907,61206
2018-11-30,"Charlottesville, VA","VA",187,1481,0.0157750342935528,0.0206753962784287,0.0227900552486188,80797
2018-11-30,"Claremont, NH","NH",188,1448,0.0175685172171469,0.0197183098591549,-0.00957592339261286,102171
2018-11-30,"Barnstable Town, MA","MA",189,1826,0.00772626931567329,0.0144444444444444,-0.0543759709994821,151667
2018-11-30,"Longview, TX","TX",190,1192,0.004212299915754,0.00590717299578059,0.004212299915754,54803
2018-11-30,"Prescott, AZ","AZ",191,1557,0,0.0025756600128783,0.042866711319491,80064
2018-11-30,"Tyler, TX","TX",192,1221,0.00659521846661171,0.00742574257425743,-0.00892857142857143,61047
2018-11-30,"Las Cruces, NM","NM",193,1030,0.0048780487804878,0.00684261974584555,0.0351758793969849,55545
2018-11-30,"Fargo, ND","ND",194,1304,0.00230591852421214,0.00384911470361817,-0.0304832713754647,54461
2018-11-30,"Rochester, MN","MN",195,1328,0.0129672006102212,0.0152905198776758,-0.014105419450631,80016
2018-11-30,"Florence, SC","SC",196,959,0.0148148148148148,0.0202127659574468,-0.069835111542192,75015
2018-11-30,"Medford, OR","OR",197,1529,0.00459921156373193,0.00459921156373193,-0.0160875160875161,51425
2018-11-30,"Lafayette-West Lafayette, IN","IN",198,1115,0.0145586897179254,0.0173357664233577,-0.0210711150131694,57461
2018-11-30,"Bellingham, WA","WA",199,1591,0.0331168831168831,0.0351333767078725,-0.0432952495490078,72149
2018-11-30,"Lake Havasu City, AZ","AZ",200,1237,-0.000807754442649435,-0.00161420500403551,0.0756521739130435,73887
2018-11-30,"Johnson City, TN","TN",201,949,0.0149732620320856,0.0204301075268817,-0.0404448938321537,87516
2018-11-30,"Yuma, AZ","AZ",202,902,0.00222222222222222,0.0044543429844098,0.0044543429844098,44434
2018-11-30,"Racine, WI","WI",203,1153,0.0194518125552608,0.0239786856127886,-0.0220525869380831,63480
2018-11-30,"Athens, GA","GA",204,1225,0.0174418604651163,0.0216847372810676,0.0216847372810676,58481
2018-11-30,"Torrington, CT","CT",205,1573,0.00898011545862733,0.0220922677063028,0.0417218543046358,73564
2018-11-30,"St. Cloud, MN","MN",206,1305,0.00384615384615385,0.00694444444444444,0.044835868694956,61944
2018-11-30,"Hilton Head Island, SC","SC",207,1763,0.00570450656018254,0.00570450656018254,0.0155529953917051,92878
2018-11-30,"Hilo, HI","HI",208,1743,0.00577034045008656,0.00577034045008656,0.0210896309314587,68071
2018-11-30,"Panama City, FL","FL",209,1311,0.0147058823529412,0.0186480186480186,0.0488,87114
2018-11-30,"Kingston, NY","NY",210,1693,0.0101431980906921,0.00954084675014908,0.0113500597371565,58168
2018-11-30,"Daphne, AL","AL",211,1382,0.0124542124542125,0.0139398385913426,-0.0177683013503909,90463
2018-11-30,"Gainesville, GA","GA",212,1328,0.00988593155893536,0.0129672006102212,-0.0052434456928839,54401
2018-11-30,"Warner Robins, GA","GA",213,999,0.00807265388496468,0.00909090909090909,0.00503018108651911,58516
2018-11-30,"Blacksburg, VA","VA",214,1149,0.005249343832021,0.00612959719789842,-0.00948275862068966,51355
2018-11-30,"Jacksonville, NC","NC",215,894,0.00449438202247191,0.00562429696287964,0.0170648464163823,62730
2018-11-30,"Redding, CA","CA",216,1367,0.0140949554896142,0.0178704393149665,0.0555984555984556,50960
2018-11-30,"Joplin, MO","MO",217,793,-0.00251572327044025,-0.00251572327044025,-0.0305623471882641,38959
2018-11-30,"El Centro, CA","CA",218,1086,0.0492753623188406,0.06158357771261,-0.051528384279476,35220
2018-11-30,"Terre Haute, IN","IN",219,750,0.00401606425702811,0.00536193029490617,-0.0601503759398496,60018
2018-11-30,"East Stroudsburg, PA","PA",220,1296,-0.000771010023130301,0,0.00154559505409583,76292
2018-11-30,"Sioux City, IA","IA",221,1042,0,0.00192307692307692,0.00385356454720617,54303
2018-11-30,"Greenville, NC","NC",222,1009,0.014070351758794,0.0243654822335025,0.0202224469160768,55463
2018-11-30,"Yuba City, CA","CA",223,1452,0.00973574408901252,0.0118466898954704,0.0254237288135593,42987
2018-11-30,"Abilene, TX","TX",224,1020,0.0149253731343284,0.018981018981019,-0.0211132437619962,50264
2018-11-30,"Columbia, MO","MO",225,1109,0.00452898550724638,0.00361990950226244,-0.00716204118173679,48250
2018-11-30,"Dover, DE","DE",226,1253,0.0024,0.00320256204963971,-0.0126083530338849,48954
2018-11-30,"Eau Claire, WI","WI",227,1058,0.0153550863723608,0.0124401913875598,-0.119800332778702,50246
2018-11-30,"Janesville, WI","WI",228,830,0.0401002506265664,0.047979797979798,-0.0535917901938426,64866
2018-11-30,"Jackson, MI","MI",229,1020,0.00196463654223969,0.0099009900990099,0.0932475884244373,62131
2018-11-30,"Punta Gorda, FL","FL",230,1691,0.00356083086053412,0.00356083086053412,0.0418977202711029,91308
2018-11-30,"Bloomington, IN","IN",231,1207,0.00499583680266445,0.00667222685571309,0.00583333333333333,55794
2018-11-30,"Pueblo, CO","CO",232,1110,0.00725952813067151,0.0100090991810737,-0.0472103004291846,56758
2018-11-30,"Billings, MT","MT",233,1243,0.00647773279352227,0.00647773279352227,-0.0386697602474865,54324
2018-11-30,"Bowling Green, KY","KY",234,1038,0.0318091451292246,0.039039039039039,-0.0606334841628959,40360
2018-11-30,"Bend, OR","OR",235,1692,0.0119617224880383,0.0137807070101857,-0.00994733762434172,64869
2018-11-30,"Albany, GA","GA",236,928,0.00869565217391304,0.0131004366812227,0.0197802197802198,38484
2018-11-30,"Vineland, NJ","NJ",237,1274,-0.0062402496099844,-0.00546448087431694,0.0257648953301127,44024
2018-11-30,"Ottawa, IL","IL",238,1020,0.0159362549800797,0.021021021021021,-0.0422535211267606,58012
2018-11-30,"State College, PA","PA",239,1462,0.0166898470097357,0.0216631726065688,0.0346779900920028,31610
2018-11-30,"Bangor, ME","ME",240,1198,-0.000834028356964137,0,-0.0268074735987002,52672
2018-11-30,"Alexandria, LA","LA",241,1107,0.00727934485896269,0.00727934485896269,0.0316868592730662,37489
2018-11-30,"Decatur, AL","AL",242,836,-0.00594530321046373,-0.00594530321046373,-0.001194743130227,56525
2018-11-30,"Hanford, CA","CA",243,1172,0.0112165660051769,0.0155979202772964,0.021795989537925,28691
2018-11-30,"Iowa City, IA","IA",244,1422,-0.0111265646731572,-0.0131852879944483,0.0494464944649447,53681
2018-11-30,"Wichita Falls, TX","TX",245,899,0,0.00111358574610245,0.00111358574610245,45135
2018-11-30,"Burlington, NC","NC",246,982,0.0282722513089005,0.0347734457323498,0.0165631469979296,50348
2018-11-30,"Madera, CA","CA",247,1301,0.00696594427244582,0.0116640746500778,0.0778790389395195,38149
2018-11-30,"Jefferson City, MO","MO",248,930,0.0075839653304442,0.0075839653304442,-0.0200210748155954,41743
2018-11-30,"Chambersburg, PA","PA",249,1126,0.00535714285714286,0,-0.012280701754386,43941
2018-11-30,"Texarkana, TX","TX",250,1060,-0.0381125226860254,-0.0398550724637681,0.187010078387458,37527
2018-11-30,"Elizabethtown, KY","KY",251,1011,0.00797607178464606,0.00697211155378486,-0.0155793573515093,39811
2018-11-30,"Florence, AL","AL",252,869,0.00929152148664344,0.0128205128205128,-0.00912200684150513,54372
2018-11-30,"Grand Junction, CO","CO",253,1231,0.0207296849087894,0.0266889074228524,0.0318524727577536,52861
2018-11-30,"Concord, NH","NH",254,1604,0.0025,0.00375469336670839,0.0242656449553001,54609
2018-11-30,"Dothan, AL","AL",255,902,0.00782122905027933,0.0100783874580067,-0.0077007700770077,42541
2018-11-30,"Santa Fe, NM","NM",256,1790,0.0187820147979511,0.0234419668381933,0.031700288184438,57316
2018-11-30,"Johnstown, PA","PA",257,663,-0.00896860986547085,-0.0163204747774481,-0.0880330123796424,46610
2018-11-30,"Traverse City, MI","MI",258,1315,0.0193798449612403,0.0217560217560218,-0.013503375843961,88681
2018-11-30,"Hattiesburg, MS","MS",259,1111,0.0127620783956244,0.0155393053016453,0.00452079566003617,42724
2018-11-30,"Dalton, GA","GA",260,1084,0.00649953574744661,0.00184842883548983,0.0333651096282174,33291
2018-11-30,"Homosassa Springs, FL","FL",261,1195,0.00167644593461861,0.00335852225020991,0.0409407665505226,59791
2018-11-30,"Auburn, AL","AL",262,1218,-0.00571428571428571,-0.0121654501216545,-0.01535974130962,38512
2018-11-30,"Valdosta, GA","GA",263,970,0.0157068062827225,0.0210526315789474,0.0286320254506893,37269
2018-11-30,"Coeur d'Alene, ID","ID",264,1414,0.01,0.0121689334287759,-0.00211714890613973,66630
2018-11-30,"Springfield, OH","OH",265,802,0.00880503144654088,0.0100755667506297,0.0100755667506297,48139
2018-11-30,"St. George, UT","UT",266,1432,0.0163236337828247,0.0184921763869132,-0.00139470013947001,57871
2018-11-30,"Vero Beach, FL","FL",267,1537,0.00195567144719687,0,0.0441576086956522,69255
2018-11-30,"Napa, CA","CA",268,2900,0.013277428371768,0.0179010179010179,0.0665685913938948,32487
2018-11-30,"Tupelo, MS","MS",269,1091,-0.00182982616651418,-0.00182982616651418,0.061284046692607,37385
2018-11-30,"Eureka, CA","CA",270,1471,0.0179930795847751,0.0293911826452064,0.0381086803105152,30403
2018-11-30,"Rapid City, SD","SD",271,1274,0.0111111111111111,0.0135242641209228,-0.0192455735180908,32839
2018-11-30,"Lumberton, NC","NC",272,829,0.00729040097205346,0.01468788249694,0.0336658354114713,17557
2018-11-30,"Wausau, WI","WI",273,1001,0.00502008032128514,0.00401203610832497,-0.081651376146789,52238
2018-11-30,"Lebanon, PA","PA",274,1160,0.0166520595968449,0.0184372256365233,0.0338680926916221,39463
2018-11-30,"Idaho Falls, ID","ID",275,1117,0.0163785259326661,0.0228937728937729,-0.0141218005295675,43427
2018-11-30,"Sierra Vista, AZ","AZ",276,868,0.0163934426229508,0.014018691588785,0.0321046373365042,36302
2018-11-30,"Lawton, OK","OK",277,724,0.00695410292072323,0.0111731843575419,0.0357653791130186,41394
2018-11-30,"Farmington, NM","NM",278,1108,0.00453309156844968,0.00818926296633303,-0.00805729632945389,27234
2018-11-30,"Jackson, TN","TN",279,900,0.00558659217877095,0.00671140939597316,0.0169491525423729,55747
2018-11-30,"Morgantown, WV","WV",280,1142,0.00351493848857645,0.00616740088105727,0.0535055350553506,43015
2018-11-30,"Winchester, VA","VA",281,1356,0.00370096225018505,0.00518902891030393,0.0111856823266219,43451
2018-11-30,"New Bern, NC","NC",282,1011,0.017102615694165,0.0191532258064516,0.0140421263791374,42177
2018-11-30,"Logan, ID","UT",283,1113,-0.0115452930728242,-0.0193832599118943,-0.0279475982532751,10890
2018-11-30,"Harrisonburg, VA","VA",284,1174,0.0262237762237762,0.0298245614035088,-0.0249169435215947,33469
2018-11-30,"Beckley, WV","WV",285,770,0.0171730515191546,0.011826544021025,-0.0240811153358682,41119
2018-11-30,"Weirton, OH","OH",286,779,-0.0114213197969543,-0.0126742712294043,0.0512820512820513,45732
2018-11-30,"Goldsboro, NC","NC",287,923,0.0289855072463768,0.0335946248600224,0.0109529025191676,13044
2018-11-30,"Augusta, ME","ME",288,1038,0.0559511698880977,0.0668036998972251,-0.0715563506261181,50750
2018-11-30,"Hammond, LA","LA",289,1189,0.000841750841750842,0,-0.0278004905968929,31416
2018-11-30,"Jonesboro, AR","AR",290,1000,-0.00299102691924227,0.001001001001001,0.0319917440660475,38232
2018-11-30,"Sherman, TX","TX",291,1200,0.0362694300518135,0.046207497820401,0.0554089709762533,42976
2018-11-30,"Anniston, AL","AL",292,763,0.00527009222661397,0.0105960264900662,0.0324763193504736,45591
2018-11-30,"Staunton, VA","VA",293,1236,0.00569568755085435,0.00324675324675325,0.0282861896838602,42333
2018-11-30,"Mount Vernon, WA","WA",294,1693,0.00177514792899408,0.00534441805225653,0.0137724550898204,51643
2018-11-30,"Albany, OR","OR",295,1395,0.00576784426820476,0.0138081395348837,0.0906958561376075,32567
2018-11-30,"Watertown, NY","NY",296,1189,0.00507185122569738,0.00677392040643522,-0.00668337510442774,28807
2018-11-30,"Williamsport, PA","PA",297,1008,0.0285714285714286,0.0359712230215827,0.0632911392405063,34773
2018-11-30,"Cleveland, TN","TN",298,990,0.00303951367781155,0.00609756097560976,0.0153846153846154,51214
2018-11-30,"Sheboygan, WI","WI",299,1083,0.00463821892393321,0.00370713623725672,-0.0163487738419619,37433
2018-11-30,"Owensboro, KY","KY",300,956,0.0181043663471778,0.0224598930481283,-0.00726895119418484,35549
2018-11-30,"Dunn, NC","NC",301,1131,0.00265957446808511,0.00177147918511957,0.0281818181818182,24819
2018-11-30,"Wooster, OH","OH",302,1121,-0.0149384885764499,-0.0149384885764499,-0.0475785896346644,32867
2018-11-30,"Morristown, TN","TN",303,1010,0.0130391173520562,0.0181451612903226,0.00597609561752988,46524
2018-11-30,"Kankakee, IL","IL",304,1088,0.010213556174559,0.00834105653382762,-0.0826306913996627,35128
2018-11-30,"Brunswick, GA","GA",305,1333,0.0052790346907994,0.00832072617246596,0.0325329202168861,40007
2018-11-30,"San Angelo, TX","TX",306,1203,0.00922818791946309,0.0109243697478992,-0.0282714054927302,31224
2018-11-30,"Michigan City, IN","IN",307,935,-0.00319829424307036,-0.00531914893617021,0.00214362272240086,70965
2018-11-30,"Wenatchee, WA","WA",308,1562,0.0103492884864166,0.0136275146009085,0.0123136746597537,42630
2018-11-30,"Lawrence, KS","KS",309,1304,0.00230591852421214,0.00307692307692308,0.0382165605095541,28134
2018-11-30,"Decatur, IL","IL",310,946,0.00424628450106157,0.00638297872340425,-0.020703933747412,41443
2018-11-30,"Missoula, MT","MT",311,1397,0.00939306358381503,0.0226939970717423,0.00720980533525595,37784
2018-11-30,"Salem, OH","OH",312,852,0.00117508813160987,0.00353356890459364,-0.0273972602739726,34123
2018-11-30,"Lewiston, ME","ME",313,1261,0.0210526315789474,0.0285481239804241,0.0490848585690516,37264
2018-11-30,"Roseburg, OR","OR",314,1072,0.0199809705042816,0.0229007633587786,0.0603363006923838,32704
2018-11-30,"Sumter, SC","SC",315,845,0.00237247924080664,0.00475624256837099,0.0205314009661836,50174
2018-11-30,"Meridian, MS","MS",316,886,0.00796359499431172,0.0148911798396334,0.00226244343891403,31225
2018-11-30,"Bluefield, WV","WV",317,850,0,0.00354191263282172,0.0585305105853051,29791
2018-11-30,"Lima, OH","OH",318,871,0.0163360560093349,0.0199063231850117,-0.0439077936333699,34832
2018-11-30,"Cookeville, TN","TN",319,983,0.0207684319833853,0.0293193717277487,0.00408580183861083,43386
2018-11-30,"California-Lexington Park, MD","MD",320,1608,0.00815047021943574,0.00878293601003764,-0.0189139719341062,46128
2018-11-30,"Gadsden, AL","AL",321,861,0.0105633802816901,0.0141342756183746,0.0117508813160987,31884
2018-11-30,"Longview, WA","WA",322,1342,0.0105421686746988,0.00902255639097744,-0.00813008130081301,32143
2018-11-30,"Ithaca, NY","NY",323,1701,-0.018465089440277,-0.0224137931034483,0.00770142180094787,21044
2018-11-30,"Ashtabula, OH","OH",324,893,0.00337078651685393,0.00224466891133558,-0.0154355016538037,34651
2018-11-30,"Gettysburg, PA","PA",325,1302,0.0108695652173913,0.0195771339075959,0.00773993808049536,59408
2018-11-30,"Pine Bluff, AR","AR",326,744,0.00269541778975741,0.00404858299595142,0.00134589502018843,22851
2018-11-30,"Tullahoma, TN","TN",327,1150,0.00700525394045534,0.0105448154657293,0.0231316725978648,38302
2018-11-30,"Richmond, KY","KY",328,1014,0.012987012987013,0.0201207243460765,-0.025,29761
2018-11-30,"Adrian, MI","MI",329,1063,0,-0.00187793427230047,-0.0229779411764706,38612
2018-11-30,"Twin Falls, ID","ID",330,1126,-0.00880281690140845,-0.00967458223394899,-0.00617828773168579,29823
2018-11-30,"Corning, NY","NY",331,1303,-0.0061022120518688,-0.00534351145038168,0.0516545601291364,27880
2018-11-30,"Sebring, FL","FL",332,1143,0.000875656742556918,0.00263157894736842,0.10648596321394,40838
2018-11-30,"Truckee, CA","CA",333,1909,0.0268961807423346,0.033008658008658,-0.0289928789420142,45052
2018-11-30,"Paducah, KY","KY",334,942,0.00533617929562433,0.00748663101604278,-0.0542168674698795,25501
2018-11-30,"Grand Forks, ND","ND",335,1195,0.00251677852348993,0.00504625735912532,0.0127118644067797,16461
2018-11-30,"Fairbanks, AK","AK",336,1656,0.0079123554473524,0.0103721781574131,-0.0686164229471316,20164
2018-11-30,"Mankato, MN","MN",337,1280,0.0199203187250996,0.0256410256410256,-0.0383170548459805,24875
2018-11-30,"Rome, GA","GA",338,955,0.0529217199558986,0.0587583148558758,-0.0134297520661157,25251
2018-11-30,"Cape Girardeau, MO","MO",339,899,0.00111358574610245,0.00111358574610245,-0.0415778251599147,39744
2018-11-30,"Hot Springs, AR","AR",340,1123,-0.00970017636684303,-0.0157756354075372,0.0594339622641509,33838
2018-11-30,"Greenwood, SC","SC",341,995,0.0030241935483871,0.00201409869083585,-0.0197044334975369,7252
2018-11-30,"Clarksburg, WV","WV",342,859,0.00940070505287897,0.0117785630153121,0.0153664302600473,28733
2018-11-30,"Talladega, AL","AL",343,969,0.0157232704402516,0.0210748155953635,-0.0261306532663317,24236
2018-11-30,"Dubuque, IA","IA",344,1127,-0.0122699386503067,-0.0131348511383538,0.00985663082437276,35294
2018-11-30,"Albertville, AL","AL",345,917,0.0110253583241455,0.00658616904500549,0.00109170305676856,33946
2018-11-30,"Manhattan, KS","KS",346,1215,-0.00735294117647059,-0.0129975629569456,-0.0145985401459854,23815
2018-11-30,"Parkersburg, WV","WV",347,861,0.0129411764705882,0.0165289256198347,-0.0204778156996587,32176
2018-11-30,"New Philadelphia, OH","OH",348,964,0.00207900207900208,0.00207900207900208,-0.0567514677103718,29981
2018-11-30,"Orangeburg, SC","SC",349,931,0.014161220043573,0.021953896816685,-0.0106269925611052,24421
2018-11-30,"Cheyenne, WY","WY",350,1248,-0.04,-0.045141545524101,-0.0303030303030303,32239
2018-11-30,"Brainerd, MN","MN",351,1267,0.0111731843575419,0.0144115292233787,0.0184887459807074,46172
2018-11-30,"Kalispell, MT","MT",352,1414,0.0128939828080229,0.0172661870503597,-0.00911002102312544,24730
2018-11-30,"Ames, IA","IA",353,1259,-0.0140955364134691,-0.0194704049844237,0.0219155844155844,30941
2018-11-30,"Bozeman, MT","MT",354,1699,0.00354400472533963,0.0059206631142688,-0.00526932084309134,28378
2018-11-30,"Moses Lake, WA","WA",355,991,0.00202224469160768,0.00101010101010101,-0.00100806451612903,25693
2018-11-30,"Meadville, PA","PA",356,1032,0.00682926829268293,0.0078125,0.00682926829268293,23814
2018-11-30,"Hermiston-Pendleton, OR","OR",357,1281,0.0199044585987261,0.0256204963971177,0.0414634146341463,21170
2018-11-30,"Zanesville, OH","OH",358,916,0.0189098998887653,0.0246085011185682,0,29946
2018-11-30,"Corvallis, OR","OR",359,1816,0.009449694274597,0.012263099219621,0.007210205213533,25417
2018-11-30,"Bloomsburg, PA","PA",360,1146,0.00350262697022767,0.0105820105820106,0.00438212094653812,24436
2018-11-30,"Russellville, AR","AR",361,869,0.016374269005848,0.0223529411764706,-0.00685714285714286,25410
2018-11-30,"Midland, MI","MI",362,1042,0.0296442687747036,0.0225711481844946,0.0165853658536585,30313
2018-11-30,"Opelousas, LA","LA",363,1099,0,0,-0.00901713255184851,16301
2018-11-30,"Pocatello, ID","ID",364,934,-0.0032017075773746,-0.00638297872340425,-0.0321243523316062,23591
2018-11-30,"Kokomo, IN","IN",365,814,0.001230012300123,0,-0.0412249705535925,32344
2018-11-30,"Grants Pass, OR","OR",366,1327,0.00606520090978014,0.0114329268292683,0.0247104247104247,14554
2018-11-30,"Huntsville, TX","TX",367,1277,0.000783699059561128,0.00235478806907378,-0.0176923076923077,11856
2018-11-30,"Plattsburgh, NY","NY",368,1486,-0.00201477501678979,-0.0139349701393497,-0.0236530880420499,21639
2018-11-30,"Grand Island, NE","NE",369,1160,-0.00939368061485909,-0.00684931506849315,0.0175438596491228,22665
2018-11-30,"DuBois, PA","PA",370,953,0.00633579725448786,0.00739957716701903,0.0269396551724138,31437
2018-11-30,"Great Falls, MT","MT",371,1193,0.0101608806096528,0.0135938827527613,0.000838926174496644,26575
2018-11-30,"Olean, NY","NY",372,1204,-0.00741962077493817,-0.0139230139230139,0.0220713073005093,25249
2018-11-30,"Auburn, NY","NY",373,1372,0.000729394602479942,0.0140428677014043,-0.00651701665459812,22575
2018-11-30,"Portsmouth, OH","OH",374,855,0.0130331753554502,0.0202863961813842,-0.0371621621621622,17142
2018-11-30,"Oak Harbor, WA","WA",375,1652,0.000605693519079346,0.00181928441479685,0.0048661800486618,40028
2018-11-30,"Chillicothe, OH","OH",376,966,0.00520291363163372,0.00415800415800416,-0.032064128256513,20030
2018-11-30,"Hinesville, GA","GA",377,1028,-0.00580270793036751,-0.00867888138862102,0.0259481037924152,18178
2018-11-30,"Stillwater, OK","OK",378,1181,-0.0050547598989048,-0.00169061707523246,0.0314410480349345,15420
2018-11-30,"Quincy, IL","IL",379,1094,0.00274977085242896,0.00183150183150183,-0.0568965517241379,22950
2018-11-30,"Keene, NH","NH",380,1450,0.00694444444444444,0.00834492350486787,0.0111576011157601,22028
2018-11-30,"Sandusky, OH","OH",381,1097,0.00827205882352941,0.00827205882352941,-0.0360281195079086,30627
2018-11-30,"Searcy, AR","AR",382,879,0.0232828870779977,0.0329024676850764,0.0126728110599078,24217
2018-11-30,"Columbus, IN","IN",383,1189,0.000841750841750842,0.00507185122569738,-0.037246963562753,29599
2018-11-30,"Roanoke Rapids, NC","NC",384,844,0.0107784431137725,0.00956937799043062,0.023030303030303,15694
2018-11-30,"Centralia, WA","WA",385,1182,0.0154639175257732,0.024263431542461,0.0450928381962865,24832
2018-11-30,"Helena, MT","MT",386,1266,0.0128,0.0168674698795181,0.00237529691211401,15747
2018-11-30,"Palatka, FL","FL",387,1090,-0.0276538804638715,-0.0302491103202847,0.138975966562173,17789
2018-11-30,"Mount Airy, NC","NC",388,1009,0.0254065040650406,0.0327533265097236,0.0488565488565489,13157
2018-11-30,"Key West, FL","FL",389,3317,0.00484701605574068,0.00211480362537764,0.021243842364532,44699
2018-11-30,"Aberdeen, WA","WA",390,979,0.0219206680584551,0.025130890052356,-0.0401960784313725,32092
2018-11-30,"Gallup, NM","NM",391,1021,0.0169322709163347,0.0169322709163347,-0.0239005736137667,3563
2018-11-30,"Port Angeles, WA","WA",392,1460,0.00828729281767956,0.0103806228373702,-0.010840108401084,29942
2018-11-30,"Greenfield Town, MA","MA",393,1786,0.010752688172043,0.010752688172043,0.00224466891133558,25256
2018-11-30,"Muskogee, OK","OK",394,659,0.00918836140888208,0.0154083204930663,-0.00753012048192771,32555
2018-11-30,"Frankfort, KY","KY",395,1013,0.011988011988012,0.0180904522613065,-0.0203094777562863,26413
2018-11-30,"Statesboro, GA","GA",396,1088,0.00740740740740741,0.0111524163568773,0.0361904761904762,17447
2018-11-30,"Marion, IN","IN",397,779,0.00906735751295337,0.00645994832041344,-0.0089058524173028,25975
2018-11-30,"Shawnee, OK","OK",398,797,0.00251572327044025,0.00504413619167718,-0.0256723716381418,30998
2018-11-30,"North Wilkesboro, NC","NC",399,1061,0.0211742059672762,0.0221579961464355,0.0201923076923077,18136
2018-11-30,"Richmond, IN","IN",400,798,0.010126582278481,0.0126903553299492,-0.044311377245509,27659
2018-11-30,"Greeneville, TN","TN",401,770,0.0476190476190476,0.056241426611797,0.0198675496688742,41798
2018-11-30,"Martinsville, VA","VA",402,914,0.0055005500550055,0.0121816168327796,-0.0368809272918862,23904
2018-11-30,"Forest City, NC","NC",403,966,0.0157728706624606,0.0200633579725449,0.00835073068893528,44390
2018-11-30,"Lake City, FL","FL",404,1178,0.0172711571675302,0.0216825672159584,0.0076988879384089,14704
2018-11-30,"LaGrange, GA","GA",405,896,0.020501138952164,0.0251716247139588,-0.0218340611353712,20831
2018-11-30,"Marion, OH","OH",406,806,0.0100250626566416,0.0125628140703518,-0.0347305389221557,24014
2018-11-30,"Klamath Falls, OR","OR",407,1106,0.0137488542621448,0.0165441176470588,0.0864440078585462,24328
2018-11-30,"Marshall, TX","TX",408,962,0.00104058272632674,0.0136986301369863,-0.0351053159478435,21009
2018-11-30,"Charleston, IL","IL",409,1159,0.00259515570934256,0.000863557858376511,-0.038971807628524,20870
2018-11-30,"Clearlake, CA","CA",410,1471,0.012388162422574,0.0158839779005525,0.00136147038801906,22423
2018-11-30,"Hutchinson, KS","KS",411,793,-0.00376884422110553,-0.00125944584382872,0.0205920205920206,22753
2018-11-30,"Faribault, MN","MN",412,1404,0.00934579439252336,0.00934579439252336,0.00429184549356223,36757
2018-11-30,"Elizabeth City, NC","NC",413,1119,-0.000892857142857143,-0.00444839857651246,-0.0166959578207381,21487
2018-11-30,"Alamogordo, NM","NM",414,900,0.0146561443066516,0.021566401816118,0.00783874580067189,14732
2018-11-30,"Red Bluff, CA","CA",415,1126,0.00805729632945389,0.00986547085201794,-0.0301464254952627,12630
2018-11-30,"Hudson, NY","NY",416,1583,0.0199742268041237,0.046957671957672,-0.0318042813455657,21763
2018-11-30,"Coos Bay, OR","OR",417,1297,0.0109119251753702,0.0180533751962323,0.0442834138486312,22366
2018-11-30,"Walla Walla, WA","WA",418,1302,-0.00153374233128834,0.0023094688221709,0.035799522673031,16414
2018-11-30,"Sayre, PA","PA",419,953,0.0507166482910695,0.0612472160356347,-0.124885215794307,21276
2018-11-30,"Oneonta, NY","NY",420,1211,-0.0186385737439222,-0.0273092369477912,-0.0663068619892059,18781
2018-11-30,"Baraboo, WI","WI",421,1116,0.0136239782016349,0.0182481751824818,-0.0558375634517767,22427
2018-11-30,"Marietta, OH","OH",422,1028,0.00587084148727984,0.00784313725490196,-0.0255924170616114,15409
2018-11-30,"Salina, KS","KS",423,842,0,0.00118906064209275,-0.0571108622620381,22127
2018-11-30,"Big Stone Gap, VA","VA",424,978,-0.00204081632653061,-0.00508646998982706,-0.022,6860
2018-11-30,"Sturgis, MI","MI",425,1026,-0.00869565217391304,-0.0115606936416185,0.0219123505976096,23111
2018-11-30,"Fremont, OH","OH",426,986,0.00715015321756895,0.00715015321756895,-0.0352250489236791,18209
2018-11-30,"Mount Vernon, OH","OH",427,1084,0.00277520814061055,0.0046339202965709,-0.00732600732600733,16931
2018-11-30,"Lewiston, ID","ID",428,1292,0.000774593338497289,0.00155038759689922,0.0352564102564103,20975
2018-11-30,"Shelton, WA","WA",429,1444,0.000693000693000693,0.00208188757807078,0.113338473400154,23473
2018-11-30,"Albemarle, NC","NC",430,1071,0.0190294957183635,0.0209723546234509,0.0190294957183635,21486
2018-11-30,"Enid, OK","OK",431,922,0.0054525627044711,0.00765027322404372,-0.105722599418041,17661
2018-11-30,"Jefferson, GA","GA",432,1338,0.00224719101123596,0.00299850074962519,0.0128690386071158,20622
2018-11-30,"Laconia, NH","NH",433,1482,-0.00269179004037685,0.00953678474114441,0.14175654853621,35366
2018-11-30,"Batavia, NY","NY",434,1362,-0.000733675715333822,0.00665188470066519,-0.00801165331391114,16690
2018-11-30,"Oxford, NC","NC",435,1172,0.00773860705073087,0.0103448275862069,0.0244755244755245,16383
2018-11-30,"Columbus, MS","MS",436,1075,-0.00462962962962963,-0.00830258302583026,0.0696517412935323,15406
2018-11-30,"Kinston, NC","NC",437,877,0.0185830429732869,0.0257309941520468,0.032979976442874,11572
2018-11-30,"Sterling, IL","IL",438,1060,0.0202117420596728,0.0261374636979671,-0.0535714285714286,21961
2018-11-30,"Palestine, TX","TX",439,1122,0.0126353790613718,0.0117222723174031,-0.0123239436619718,9294
2018-11-30,"Dublin, GA","GA",440,946,0.00638297872340425,0.00852878464818763,0.0161117078410312,14914
2018-11-30,"Vicksburg, MS","MS",441,1097,0.021415270018622,0.0398104265402844,-0.0292035398230088,13638
2018-11-30,"Sanford, NC","NC",442,961,0.00945378151260504,0.0115789473684211,0.00313152400835073,21807
2018-11-30,"Fergus Falls, MN","MN",443,1291,0.00155159038013964,0.000775193798449612,-0.00231839258114374,30516
2018-11-30,"Tiffin, OH","OH",444,924,0.0065359477124183,0.00873362445414847,-0.0201484623541888,18161
2018-11-30,"Fairmont, WV","WV",445,892,-0.00111982082866741,0,0.0518867924528302,20389
2018-11-30,"Crossville, TN","TN",446,1165,0.0139251523063534,0.0219298245614035,0.033717834960071,23440
2018-11-30,"Picayune, MS","MS",447,1145,0.00174978127734033,0.00262697022767075,0.0035056967572305,10227
2018-11-30,"Gloversville, NY","NY",448,1373,0,-0.00218023255813953,-0.01294033069734,18269
2018-11-30,"Sonora, CA","CA",449,1442,-0.00138504155124654,0,0.00839160839160839,21383
2018-11-30,"Carson City, NV","NV",450,1446,0.0269886363636364,0.0335954253037884,0.0417867435158501,14941
2018-11-30,"Calhoun, GA","GA",451,1117,0.0108597285067873,0.0154545454545455,0.0323475046210721,16847
2018-11-30,"Milledgeville, GA","GA",452,1053,0.0144508670520231,0.0223300970873786,0.0233236151603499,11751
2018-11-30,"Waycross, GA","GA",453,928,0.0119956379498364,0.0153172866520788,0.0131004366812227,13090
2018-11-30,"Morgan City, LA","LA",454,1067,0.0142585551330798,0.0181297709923664,0.0200764818355641,11682
2018-11-30,"Eagle Pass, TX","TX",455,1115,0.0127157129881926,0.01640838650866,-0.0210711150131694,11834
2018-11-30,"Ontario, OR","OR",456,1213,0.0133667502088555,0.0176174496644295,0.0412017167381974,14733
2018-11-30,"Carlsbad, NM","NM",457,1126,-0.00967458223394899,-0.0131463628396144,0.0292504570383912,14566
2018-11-30,"Payson, AZ","AZ",458,1275,0.0159362549800797,0.0208166533226581,0.0265700483091787,20250
2018-11-30,"McComb, MS","MS",459,928,0.0119956379498364,0.025414364640884,0.0345596432552954,9749
2018-11-30,"Rochelle, IL","IL",460,1261,0.00558213716108453,0,-0.0224806201550388,18183
2018-11-30,"Scottsboro, AL","AL",461,876,0.00574052812858783,0.00689655172413793,-0.0201342281879195,9345
2018-11-30,"Danville, KY","KY",462,877,0.0174013921113689,0.0138728323699422,-0.0190156599552573,14596
2018-11-30,"Greenville, OH","OH",463,962,0.0115667718191377,0.0136986301369863,-0.017364657814096,15628
2018-11-30,"Warrensburg, MO","MO",464,1035,-0.0114613180515759,-0.0133460438512869,-0.0717488789237668,13327
2018-11-30,"Fort Leonard Wood, MO","MO",465,888,0.00225733634311512,0.00112739571589628,0.0125427594070696,10243
2018-11-30,"Glasgow, KY","KY",466,897,0.0193181818181818,0.018161180476731,-0.0396145610278373,13627
2018-11-30,"Edwards, CO","CO",467,3692,0.00380641653072322,0.00626873807576996,0.145161290322581,28999
2018-11-30,"Fernley, NV","NV",468,1431,0.00916784203102962,0.010593220338983,0.0399709302325581,15055
2018-11-30,"Platteville, WI","WI",469,1060,0.0162991371045062,0.0202117420596728,-0.030192131747484,12369
2018-11-30,"Bartlesville, OK","OK",470,893,0.00337078651685393,0.00224466891133558,-0.0251091703056769,22157
2018-11-30,"Jacksonville, TX","TX",471,1139,0.0133451957295374,0.0124444444444444,-0.00175284837861525,8624
2018-11-30,"Elko, NV","NV",472,1369,0.0163325909428359,0.0216417910447761,-0.0228408279800143,9190
2018-11-30,"Rexburg, ID","ID",473,1139,0.028906955736224,0.0363967242948135,-0.00349956255468067,15325
2018-11-30,"St. Marys, GA","GA",474,1132,0.00711743772241993,0.0107142857142857,0.0161579892280072,16241
2018-11-30,"Ozark, AL","AL",475,847,-0.00117924528301887,-0.00235571260306243,0.00118203309692671,14623
2018-11-30,"Amsterdam, NY","NY",476,1322,0.00303490136570561,0.0060882800608828,0.0122511485451761,14344
2018-11-30,"Enterprise, AL","AL",477,878,0.00803673938002296,0.00803673938002296,-0.025527192008879,21765
2018-11-30,"Kerrville, TX","TX",478,1469,-0.00203804347826087,-0.00203804347826087,0.0201388888888889,12493
2018-11-30,"New Castle, IN","IN",479,798,0.00503778337531486,0.00251256281407035,-0.0172413793103448,18344
2018-11-30,"Sidney, OH","OH",480,1051,0.00960614793467819,0.0105769230769231,-0.0277520814061055,13387
2018-11-30,"Cortland, NY","NY",481,1380,0.000725163161711385,0.0117302052785924,0.0306198655713219,12219
2018-11-30,"Clinton, IA","IA",482,942,0.00426439232409382,0.00856531049250535,-0.00946372239747634,18434
2018-11-30,"Burlington, IA","IA",483,917,0,0,-0.0487551867219917,16556
2018-11-30,"Cadillac, MI","MI",484,938,0.011866235167206,0.0195652173913043,0.0184581976112921,20750
2018-11-30,"Ardmore, OK","OK",485,855,-0.0183696900114811,-0.0273037542662116,0.0227272727272727,20481
2018-11-30,"Kendallville, IN","IN",486,1020,0.00790513833992095,0.00492610837438424,-0.0377358490566038,14720
2018-11-30,"Nogales, AZ","AZ",487,1157,0.0122484689413823,0.0158033362598771,0.0423423423423423,13543
2018-11-30,"Oxford, MS","MS",488,1407,-0.0188284518828452,-0.0229166666666667,0.00428265524625268,13582
2018-11-30,"Plymouth, IN","IN",489,1089,-0.000917431192660551,-0.00547945205479452,-0.0405286343612335,15266
2018-11-30,"Gardnerville Ranchos, NV","NV",490,1824,0.0116472545757072,0.00773480662983425,-0.0495049504950495,20541
2018-11-30,"Tahlequah, OK","OK",491,855,-0.00465657741559953,-0.0104166666666667,-0.0360766629086809,15475
2018-11-30,"Ca-on City, CO","CO",492,1218,0.0133111480865225,0.0158465387823186,0.0563746747614918,15734
2018-11-30,"Ruston, LA","LA",493,1200,0.0050251256281407,0.00418410041841004,-0.0825688073394495,8590
2018-11-30,"Lewistown, PA","PA",494,975,0.0145681581685744,0.0145681581685744,-0.0230460921843687,10496
2018-11-30,"Rockingham, NC","NC",495,861,0.0105633802816901,0.0141342756183746,0.0237812128418549,3330
2018-11-30,"Blytheville, AR","AR",496,826,-0.00361881785283474,-0.00120918984280532,0.029925187032419,8589
2018-11-30,"Red Wing, MN","MN",497,1392,0.00942712110224801,0.0123636363636364,0.0419161676646707,17041
2018-11-30,"Cedar City, UT","UT",498,1166,0.0156794425087108,0.0219106047326906,0.0346051464063886,12183
2018-11-30,"Bedford, IN","IN",499,845,0.00237247924080664,0.00237247924080664,-0.0197215777262181,16698
2018-11-30,"Newport, OR","OR",500,1446,0.00556328233657858,0.00486448922863099,0.0219081272084806,23289
2018-11-30,"Bellefontaine, OH","OH",501,999,0.00503018108651911,0.00301204819277108,-0.0503802281368821,17356
2018-11-30,"McAlester, OK","OK",502,850,0,0.00117785630153121,-0.00932400932400932,15413
2018-11-30,"Blackfoot, ID","ID",503,1033,0.033,0.0423814328960646,-0.0363805970149254,13129
2018-11-30,"Henderson, NC","NC",504,951,0.012779552715655,0.012779552715655,0.0303358613217768,7064
2018-11-30,"Coldwater, MI","MI",505,990,-0.00402414486921529,-0.00201612903225806,0.0269709543568465,17860
2018-11-30,"Rolla, MO","MO",506,759,0.027063599458728,0.0326530612244898,0.0298507462686567,15691
2018-11-30,"Shelbyville, TN","TN",507,1207,0.00667222685571309,0.00919732441471572,0.0177065767284992,15107
2018-11-30,"Duncan, OK","OK",508,741,0.00135135135135135,0.0040650406504065,-0.00670241286863271,18297
2018-11-30,"Pullman, WA","WA",509,1360,0.0240963855421687,0.033434650455927,0.0675039246467818,8778
2018-11-30,"Bemidji, MN","MN",510,1283,-0.00155642023346304,0,0.0346774193548387,12050
2018-11-30,"Pahrump, NV","NV",511,1284,0.0182394924662966,0.0255591054313099,0.0594059405940594,9736
2018-11-30,"Bucyrus, OH","OH",512,795,0.00378787878787879,0.00632911392405063,-0.0233415233415233,15884
2018-11-30,"Bradford, PA","PA",513,899,0.00446927374301676,0.00446927374301676,-0.00553097345132743,13351
2018-11-30,"Bardstown, KY","KY",514,988,0.0175077239958805,0.0133333333333333,-0.04725168756027,15107
2018-11-30,"Cornelia, GA","GA",515,1153,0.0194518125552608,0.0239786856127886,0.0122914837576822,21413
2018-11-30,"Muscatine, IA","IA",516,1123,0.0053715308863026,-0.00177777777777778,-0.0166374781085814,12483
2018-11-30,"Alma, MI","MI",517,847,0.0107398568019093,0.0168067226890756,0.00953516090584029,13246
2018-11-30,"Durant, OK","OK",518,937,-0.00212992545260916,-0.00212992545260916,-0.031023784901758,11197
2018-11-30,"Seymour, IN","IN",519,976,-0.00102354145342886,-0.00204498977505112,0,13867
2018-11-30,"Willmar, MN","MN",520,1245,0.000803858520900322,0.00403225806451613,0.00160901045856798,14222
2018-11-30,"Auburn, IN","IN",521,1051,-0.000950570342205323,-0.0112888052681091,-0.0375457875457875,11475
2018-11-30,"Paragould, AR","AR",522,891,-0.00446927374301676,-0.00335570469798658,-0.00112107623318386,13952
2018-11-30,"Warren, PA","PA",523,965,0.00941422594142259,0.0157894736842105,0.0147213459516299,12243
2018-11-30,"Mountain Home, AR","AR",524,988,-0.00202020202020202,0.00202839756592292,0.0112589559877175,14749
2018-11-30,"Cedartown, GA","GA",525,999,0.018348623853211,0.0256673511293634,0.0526870389884089,9526
2018-11-30,"Port Clinton, OH","OH",526,1127,0.00895255147717099,0.00985663082437276,-0.0521446593776283,23785
2018-11-30,"El Campo, TX","TX",527,1292,0.0046656298600311,0.0046656298600311,-0.000773395204949729,12264
2018-11-30,"Montrose, CO","CO",528,1362,-0.0166064981949458,-0.0187319884726225,0.0800951625693894,13574
2018-11-30,"Ellensburg, WA","WA",529,1625,-0.00428921568627451,-0.00550795593635251,0.0641781270464964,16454
2018-11-30,"Sandpoint, ID","ID",530,1290,0.0205696202531646,0.0262529832935561,-0.00462962962962963,18551
2018-11-30,"Alice, TX","TX",531,1081,0.0121722846441948,0.00185356811862836,-0.00916590284142988,5785
2018-11-30,"Celina, OH","OH",532,1106,0.00636942675159236,0.00728597449908925,-0.0255506607929515,11557
2018-11-30,"Garden City, KS","KS",533,1133,-0.00439367311072056,-0.00614035087719298,0.034703196347032,9738
2018-11-30,"Marshalltown, IA","IA",534,847,0.00593824228028504,0.00833333333333333,-0.0385925085130533,16326
2018-11-30,"Cullowhee, NC","NC",535,1266,0.0119904076738609,0.0144230769230769,-0.015552099533437,18233
2018-11-30,"Espa-ola, NM","NM",536,1153,0.00610820244328098,0.00786713286713287,0.00523103748910201,1055
2018-11-30,"Tifton, GA","GA",537,1065,0.0104364326375712,0.0113960113960114,0.0075685903500473,8889
2018-11-30,"Urbana, OH","OH",538,1007,0.0151209677419355,0.0233739837398374,-0.023278370514064,12071
2018-11-30,"Okeechobee, FL","FL",539,1305,0.00384615384615385,0.00539291217257319,0.0283687943262411,8167
2018-11-30,"Selinsgrove, PA","PA",540,1191,0.00252525252525253,0.00168208578637511,-0.00418060200668896,9448
2018-11-30,"Natchitoches, LA","LA",541,1196,0.0016750418760469,0.00335570469798658,0.0319240724762727,7713
2018-11-30,"Berlin, NH","NH",542,1152,0.0114135206321334,0.00261096605744125,-0.0343671416596815,18743
2018-11-30,"Lock Haven, PA","PA",543,931,-0.00957446808510638,-0.0116772823779193,0.0390625,10481
2018-11-30,"Sikeston, MO","MO",544,798,0.00884955752212389,0.0114068441064639,0.00630517023959647,9998
2018-11-30,"Clewiston, FL","FL",545,1279,0.00471327572663001,0.00947119179163378,0.0289621882542237,6651
2018-11-30,"Logansport, IN","IN",546,754,0.00399467376830892,0.00667556742323097,-0.0345710627400768,13206
2018-11-30,"Pontiac, IL","IL",547,1113,0.0036068530207394,0.00723981900452489,-0.0228270412642669,12668
2018-11-30,"Mount Vernon, IL","IL",548,958,0.00104493207941484,0.00104493207941484,-0.0726040658276863,11939
2018-11-30,"Houghton, MI","MI",549,911,0.0201567749160134,0.0282167042889391,0,18922
2018-11-30,"Gainesville, TX","TX",550,1345,0.00448095593726662,0.00900225056264066,0.0105184072126221,11534
2018-11-30,"Kill Devil Hills, NC","NC",551,1441,0.00769230769230769,0.0126493323963457,-0.0103021978021978,15240
2018-11-30,"Crawfordsville, IN","IN",552,962,0.00627615062761506,0.00944386149003148,-0.0741097208854668,17423
2018-11-30,"Brownwood, TX","TX",553,931,0.00431499460625674,0.0010752688172043,0.0010752688172043,14033
2018-11-30,"Stephenville, TX","TX",554,1228,0.00986842105263158,0.0115321252059308,-0.0246227164416203,7349
2018-11-30,"Easton, MD","MD",555,1662,0.00972053462940462,0.00727272727272727,-0.0615471485036702,18800
2018-11-30,"North Platte, NE","NE",556,1032,0.0248262164846077,0.0217821782178218,-0.0963222416812609,10894
2018-11-30,"Newberry, SC","SC",557,957,0.00736842105263158,0.0105596620908131,-0.0224719101123596,18414
2018-11-30,"Ada, OK","OK",558,886,-0.00783874580067189,-0.00783874580067189,-0.012263099219621,11492
2018-11-30,"Moscow, ID","ID",559,1289,0.0189723320158103,0.0205859065716548,-0.0351796407185629,9701
2018-11-30,"Safford, AZ","AZ",560,1211,0.0159395973154362,0.0271416454622561,0.0567190226876091,7082
2018-11-30,"Murray, KY","KY",561,971,0.0167539267015707,0.0114583333333333,-0.0725883476599809,7478
2018-11-30,"Huntington, IN","IN",562,885,0.00797266514806378,0.0114285714285714,-0.0401301518438178,13425
2018-11-30,"Mayfield, KY","KY",563,861,0.00819672131147541,0.0141342756183746,0.0165289256198347,2590
2018-11-30,"Escanaba, MI","MI",564,901,0.0203850509626274,0.0308924485125858,0.00111111111111111,23469
2018-11-30,"Astoria, OR","OR",565,1532,0.00327439423706614,0.00393184796854522,-0.0436953807740325,17323
2018-11-30,"Peru, IN","IN",566,763,0.00792602377807133,0.00394736842105263,-0.0353982300884956,11562
2018-11-30,"Coshocton, OH","OH",567,853,0.00352941176470588,0.00471142520612485,-0.0328798185941043,9118
2018-11-30,"Newton, IA","IA",568,1044,0.00578034682080925,0.00481231953801732,-0.0430797433547204,12736
2018-11-30,"Fremont, NE","NE",569,1146,0.00350262697022767,0.00614574187884109,0.00438212094653812,11202
2018-11-30,"Hutchinson, MN","MN",570,1269,0.00874403815580286,0.0135782747603834,0.0275303643724696,12622
2018-11-30,"Batesville, AR","AR",571,864,0.0105263157894737,0.0176678445229682,0.032258064516129,8702
2018-11-30,"Owatonna, MN","MN",572,1253,0.0121163166397415,0.0145748987854251,-0.0249027237354086,14024
2018-11-30,"Vidalia, GA","GA",573,1025,0.00490196078431373,0.00490196078431373,0.025,7326
2018-11-30,"Laramie, WY","WY",574,1149,0.005249343832021,0.007011393514461,-0.0448877805486284,11216
2018-11-30,"Plainview, TX","TX",575,896,0.00111731843575419,0.00335946248600224,0.00561167227833894,9730
2018-11-30,"Big Spring, TX","TX",576,1037,0.00875486381322957,0.00875486381322957,-0.0216981132075472,10226
2018-11-30,"Laurinburg, NC","NC",577,835,0.00723763570566948,0.00602409638554217,0.00845410628019324,6065
2018-11-30,"Dixon, IL","IL",578,1084,0.0236071765816808,0.0343511450381679,-0.0474516695957821,12281
2018-11-30,"Alexandria, MN","MN",579,1320,0.0068649885583524,0.0130468150422103,-0.0052750565184627,13204
2018-11-30,"DeRidder, LA","LA",580,1144,0.000874890638670166,0.00350877192982456,0.0651769087523277,8357
2018-11-30,"Lebanon, MO","MO",581,819,0.0049079754601227,0.00738007380073801,0.02375,9537
2018-11-30,"Coffeyville, KS","KS",582,656,0.0123456790123457,0.0154798761609907,-0.00606060606060606,12558
2018-11-30,"Seneca Falls, NY","NY",583,1333,-0.000749625187406297,0.00452147701582517,-0.00224550898203593,9906
2018-11-30,"Sulphur Springs, TX","TX",584,1316,0.00920245398773006,0.0146491904394757,-0.00679245283018868,7981
2018-11-30,"Martin, TN","TN",585,859,0.0141676505312869,0.0165680473372781,-0.00232288037166086,12401
2018-11-30,"Susanville, CA","CA",586,1295,0.00778210116731518,0.00778210116731518,0.0109289617486339,9471
2018-11-30,"Arcadia, FL","FL",587,1290,0.000775795190069822,0.0015527950310559,0.0411622276029056,6803
2018-11-30,"Junction City, KS","KS",588,1041,-0.00573065902578797,-0.00762631077216397,-0.0361111111111111,10130
2018-11-30,"Butte, MT","MT",589,880,0.0365135453474676,0.0463733650416171,0.0451306413301663,11916
2018-11-30,"Angola, IN","IN",590,1140,0,0,-0.0214592274678112,13577
2018-11-30,"Dodge City, KS","KS",591,883,-0.00897867564534231,-0.0111982082866741,0.0363849765258216,8516
2018-11-30,"Brenham, TX","TX",592,1404,0.00501073729420186,0.00357398141529664,-0.0126582278481013,8572
2018-11-30,"Emporia, KS","KS",593,753,0.0175675675675676,0.0175675675675676,0.0818965517241379,10075
2018-11-30,"Jackson, OH","OH",594,862,0.0105509964830012,0.0177095631641086,-0.028184892897407,5697
2018-11-30,"Frankfort, IN","IN",595,846,0.00475059382422803,0.00355871886120996,-0.0824295010845987,12607
2018-11-30,"Taos, NM","NM",596,1249,0.00401929260450161,0.00482703137570394,-0.0211598746081505,15280
2018-11-30,"Malvern, AR","AR",597,857,0.00586854460093897,-0.00348837209302326,0.0106132075471698,8353
2018-11-30,"Troy, AL","AL",598,980,0.00823045267489712,0.012396694214876,-0.00203665987780041,5881
2018-11-30,"Cambridge, MD","MD",599,1305,0.00928074245939675,0.0131987577639752,0,20448
2018-11-30,"Vernal, UT","UT",600,899,-0.00111111111111111,0,-0.0281081081081081,9920
2018-11-30,"Kingsville, TX","TX",601,1078,0.0150659133709981,0.00747663551401869,-0.0155251141552511,6433
2018-11-30,"Madison, IN","IN",602,924,0.00108342361863489,-0.00645161290322581,-0.0304302203567681,9500
2018-11-30,"Hastings, NE","NE",603,1094,-0.0170709793351303,-0.0232142857142857,-0.0292812777284827,8520
2018-11-30,"Albert Lea, MN","MN",604,1037,0.00484496124031008,0.00484496124031008,-0.0235404896421846,13504
2018-11-30,"Lincoln, IL","IL",605,964,0.010482180293501,0.0158061116965227,-0.036963036963037,8823
2018-11-30,"Jesup, GA","GA",606,1045,0.00577478344562079,0.00868725868725869,0.0295566502463054,6557
2018-11-30,"Alpena, MI","MI",607,860,0.00938967136150235,0.0153482880755608,0.016548463356974,16707
2018-11-30,"Silver City, NM","NM",608,830,0.0387984981226533,0.0493046776232617,0.041405269761606,8360
2018-11-30,"Washington Court House, OH","OH",609,955,0.00420609884332282,0,-0.0304568527918782,8104
2018-11-30,"Van Wert, OH","OH",610,908,0.00776914539400666,0.0111358574610245,0.0145251396648045,9028
2018-11-30,"Ludington, MI","MI",611,1001,0.00704225352112676,0.0080563947633434,-0.0384245917387128,16203
2018-11-30,"Hays, KS","KS",612,1112,0.00815956482320943,0.00999091734786558,0.0373134328358209,8850
2018-11-30,"Hailey, ID","ID",613,1490,0,-0.00134048257372654,-0.0858895705521472,12104
2018-11-30,"Great Bend, KS","KS",614,745,-0.00401069518716578,-0.00534045393858478,-0.00534045393858478,9748
2018-11-30,"Weatherford, OK","OK",615,920,0.00327153762268266,0.00436681222707424,-0.0315789473684211,8686
2018-11-30,"Grants, NM","NM",616,946,0.0150214592274678,0.0204962243797195,-0.00316122233930453,4119
2018-11-30,"Thomaston, GA","GA",617,863,0.0129107981220657,0.016489988221437,0.017688679245283,9380
2018-11-30,"Mountain Home, ID","ID",618,1010,0.0140562248995984,0.0160965794768612,0.024340770791075,9857
2018-11-30,"Altus, OK","OK",619,707,-0.0111888111888112,-0.0111888111888112,-0.0548128342245989,9279
2018-11-30,"Boone, IA","IA",620,1058,0.00666032350142721,0.00761904761904762,-0.0266789328426863,10089
2018-11-30,"Toccoa, GA","GA",621,1038,0.0156555772994129,0.0236686390532544,0.0156555772994129,8235
2018-11-30,"Ottawa, KS","KS",622,961,-0.00207684319833853,-0.00207684319833853,0.010515247108307,7426
2018-11-30,"Marshall, MN","MN",623,1161,0.00868809730668984,0.012205754141238,-0.0300751879699248,8223
2018-11-30,"La Grande, OR","OR",624,1299,0.0244479495268139,0.0276898734177215,-0.00688073394495413,7254
2018-11-30,"Greensburg, IN","IN",625,1004,0.00500500500500501,0.004,-0.029951690821256,8611
2018-11-30,"Mexico, MO","MO",626,873,0.0139372822299652,0.0174825174825175,0,7948
2018-11-30,"Moberly, MO","MO",627,855,0.00825471698113208,0.0142348754448399,0.0178571428571429,6905
2018-11-30,"The Dalles, OR","OR",628,1430,0.0185185185185185,0.0228898426323319,-0.0225563909774436,8072
2018-11-30,"Fallon, NV","NV",629,1327,0.0184190330007675,0.0255023183925811,0.0294802172226532,5959
2018-11-30,"Fredericksburg, TX","TX",630,1660,0.00545124167171411,0.00484261501210654,-0.0292397660818713,5608
2018-11-30,"Connersville, IN","IN",631,713,0.0171184022824536,0.0214899713467049,-0.0429530201342282,8459
2018-11-30,"Spearfish, SD","SD",632,1258,0.0064,0.00801282051282051,-0.010228166797797,7555
2018-11-30,"Steamboat Springs, CO","CO",633,1937,0.0015511892450879,-0.00717580727831881,-0.0504901960784314,18202
2018-11-30,"Cordele, GA","GA",634,905,0.00555555555555556,0.00779510022271715,0.00891861761426979,4925
2018-11-30,"Wahpeton, ND","ND",635,1038,-0.00954198473282443,-0.00574712643678161,-0.030812324929972,8652
2018-11-30,"Mitchell, SD","SD",636,1077,-0.00645756457564576,-0.0137362637362637,-0.0511013215859031,6255
2018-11-30,"Sterling, CO","CO",637,1304,0.0100697134004648,-0.00229533282325937,-0.0319227913882702,5626
2018-11-30,"Pampa, TX","TX",638,999,0.00100200400801603,0.00200601805416249,-0.0234604105571848,6168
2018-11-30,"Brookings, OR","OR",639,1507,0.0100536193029491,0.0127688172043011,0.0134498991257566,8324
2018-11-30,"Hood River, OR","OR",640,1809,0.00723830734966592,0.00892359174567764,-0.00767964893033461,7300
2018-11-30,"Beatrice, NE","NE",641,1085,-0.0145322434150772,-0.0207581227436823,0.00649350649350649,6495
2018-11-30,"Elk City, OK","OK",642,842,0.00477326968973747,0.00357568533969011,-0.0344036697247706,6652
2018-11-30,"Dumas, TX","TX",643,1037,-0.00192492781520693,-0.00192492781520693,-0.0104961832061069,5407
2018-11-30,"Price, UT","UT",644,999,0.0438871473354232,0.0526870389884089,-0.00398803589232303,7237
2018-11-30,"Worthington, MN","MN",645,1030,0.031031031031031,0.0383064516129032,-0.0585009140767824,5621
2018-11-30,"Pierre, SD","SD",646,1198,0.000835421888053467,0,-0.0522151898734177,5065
2018-11-30,"Prineville, OR","OR",647,1421,0.00995024875621891,0.00923295454545455,0.000704225352112676,7346
2018-11-30,"Woodward, OK","OK",648,916,-0.00434782608695652,-0.0075839653304442,-0.0614754098360656,6934
2018-11-30,"Othello, WA","WA",649,1264,-0.00157977883096367,0.0039714058776807,0.0542118432026689,3355
2018-11-30,"Los Alamos, NM","NM",650,1453,-0.00342935528120713,-0.00819112627986348,0.077893175074184,7789
2018-11-30,"Atchison, KS","KS",651,848,0.00712589073634204,0.00593119810201661,-0.026406429391504,6497
2018-11-30,"Snyder, TX","TX",652,983,0.00306122448979592,-0.00203045685279188,-0.0353287536800785,4812
2018-11-30,"Fairfield, IA","IA",653,968,0.0020703933747412,-0.00308959835221421,-0.0656370656370656,4186
2018-11-30,"Winnemucca, NV","NV",654,1303,0.0187646598905395,0.0259842519685039,0.02356637863315,2498
2018-11-30,"Sweetwater, TX","TX",655,978,0.0103305785123967,0.00928792569659443,0.00617283950617284,5345
2018-11-30,"Andrews, TX","TX",656,1246,-0.000801924619085806,-0.00399680255795364,-0.0415384615384615,3761
2018-11-30,"Craig, CO","CO",657,1315,0.0217560217560218,0.0233463035019455,0.0436507936507936,4215
2018-11-30,"Pecos, TX","TX",658,968,0.0125523012552301,0.0104384133611691,-0.0112359550561798,2373
2018-11-30,"Vernon, TX","TX",659,984,0.00923076923076923,0.0154798761609907,-0.0428015564202335,4101
